﻿기업명,인재상1,인재상2,인재상3
11번가,주도성,상호존중,윤리적
건강보험심사평가원,전문성,상호존중,윤리적
고려아연,전문성,상호존중,주도성
광동제약,혁신성,열정적,주도성
국민은행,주도성,상호존중,열정적
기아자동차,주도성,혁신성,열정적
기업은행,글로벌,윤리적,전문성
나이스평가정보,열정적,전문성,
남양유통,주도성,주도성,혁신성
넥슨,혁신성,열정적,글로벌
농심,주도성,열정적,혁신성
농협생명보험,전문성,상호존중,윤리적
농협은행,전문성,상호존중,윤리적
대림산업,전문성,상호존중,
대우건설,주도성,열정적,주도성
대우조선해양,혁신성,글로벌,상호존중
대한항공,주도성,글로벌,상호존중
동국제강,혁신성,열정적,상호존중
동아제약,혁신성,상호존중,주도성
동원그룹,윤리적,상호존중,혁신성
두산,상호존중,열정적,
두산인프라코어,상호존중,열정적,
롯데쇼핑,상호존중,글로벌,혁신성
롯데케미칼,열정적,상호존중,
매일유업,혁신성,상호존중,열정적
메가박스,상호존중,혁신성,
메리츠종금증권,혁신성,주도성,열정적
메리츠화재,윤리적,전문성,
빙그레,혁신성,열정적,
삼성,열정적,혁신성,윤리적
삼성디스플레이,혁신성,전문성,글로벌
삼성메디슨,열정적,상호존중,혁신성
삼성물산,주도성,혁신성,주도성
삼성생명,윤리적,글로벌,전문성
삼성에스디에스,상호존중,혁신성,열정적
삼성전기,열정적,혁신성,윤리적
삼성전자서비스,윤리적,상호존중,주도성
삼성화재,열정적,상호존중,주도성
삼성SDI,주도성,글로벌,전문성
삼양식품,윤리적,혁신성,
신세계(쓱닷컴),상호존중,혁신성,열정적
신한은행,상호존중,주도성,혁신성
아모레,혁신성,열정적,전문성
아시아나항공,윤리적,주도성,전문성
애경산업,혁신성,상호존중,열정적
에스앤아이코퍼레이션,열정적,혁신성,상호존중
엘에스니꼬동제란,전문성,글로벌,
오뚜기,주도성,전문성,
우리은행,상호존중,전문성,윤리적
이랜드월드,상호존중,글로벌,윤리적
이마트24,상호존중,혁신성,주도성
인국공,열정적,혁신성,상호존중
컴투스,혁신성,열정적,주도성
코리안리,혁신성,열정적,글로벌
크레비스 파트너스,주도성,상호존중,주도성
키움증권,열정적,상호존중,주도성
토스,상호존중,주도성,주도성
포스코,상호존중,혁신성,주도성
하나은행,열정적,전문성,상호존중
한국 마사회,전문성,주도성,상호존중
한국가스공사,열정적,상호존중,
한국공항공사 ,상호존중,혁신성,
한국관광공사,열정적,혁신성,상호존중
한국남동발전,주도성,글로벌,열정적
한국남부발전,혁신성,상호존중,열정적
한국농어촌공사,전문성,주도성,상호존중
한국도로공사,상호존중,글로벌,혁신성
한국동서발전,열정적,글로벌 ,상호존중
한국마사회,전문성,주도성,상호존중
한국서부발전,글로벌,전문성,상호존중
한국수력원자력,전문성,윤리적,글로벌
한국수자원공사 ,혁신성,주도성,
한국수출업은행,상호존중,전문성,주도성
한국전기안전공사,상호존중,혁신성,전문성
한국전력기술,상호존중,열정적,주도성
한국종부발전,주도성,상호존중,열정적
한국지엠,혁신성,상호존중,주도성
한국철도공사,상호존중,전문성,글로벌
한국타이어,열정적,혁신성,글로벌
한국토지주택공사,혁신성,상호존중,혁신성
한국투자증권,열정적,전문성,주도성
한샘,열정적,혁신성,주도성
한전,주도성,상호존중,열정적
한전 kps,글로벌,상호존중,전문성
한전KDN,혁신성,상호존중,전문성
한화그룹,열정적,상호존중,윤리적
한화손해보험,열정적,전문성,주도성
한화케미칼,열정적,상호존중,윤리적
한화토탈,열정적,창조적,상호존중
현대건설,혁신성,상호존중,글로벌
현대글로비스,글로벌,상호존중,혁신성
현대엔지니어링,열정적,글로벌,상호존중
현대오일뱅크,열정적,혁신성,상호존중
현대위아,열정적,상호존중,글로벌
현대자동차,상호존중,열정적,글로벌
현대제철,열정적,혁신성,전문성
현대중공업,혁신성,주도성,주도성
현대해상,글로벌,전문성,주도성
롯데호텔,열정적,상호존중,자기주도
홈플러스,상호존중,열정적,주도성
흥국생명보험,상호존중,혁신성,열정적
AXA 손해보험,상호존중,윤리적,
CJ제일제약,윤리적,열정적,혁신성
DB손해보험,혁신성,전문성,글로벌
gs건설,혁신성,전문성,상호존중
GS리테일,혁신성,상호존중,전문성
gs칼텍스,상호존중,열정적,주도성
IBK,주도성,전문성,상호존중
카카오,열정적,주도성,상호존중
KB 증권,상호존중,전문성,
kb국민카드,혁신성,상호존중,주도성
KB손해보험,열정적,혁신성,상호존중
KT,열정적,상호존중,주도성
LG,열정적,상호존중,주도성
LG상사,윤리적,혁신성,상호존중
LG생활건강,주도성,윤리적,글로벌
LG유플러스,윤리적,혁신성,상호존중
LG이노텍,윤리적,혁신성,상호존중
LG화학,윤리적,혁신성,상호존중
S-oil,혁신성,글로벌,상호존중
SK,열정적,혁신성,
SK가스,주도성,상호존중,주도성
SK건설,주도성,상호존중,열정적
SK네트웍스,상호존중,열정적,전문성
SK종합화학,주도성,전문성,열정적
